"lag","StepPred","lstm1_units","MSE1","MSE2"
24,20,12,2.92923023867009,10.696488774647
24,20,24,3.71912591116745,3.71428645534209
