"lag","StepPred","lstm1_units","MSE1","MSE2"
48,20,6,0.990952132476436,15.2366555825192
48,20,12,0.0476171532081769,0.390048002642138
48,20,24,0.0598656652603038,0.516446635689454
48,20,48,0.0322197009242925,3.22494524851858
48,20,96,0.0221579688405831,1.29898093097928
60,20,6,0.168892628909407,7.00642410045601
60,20,12,0.00176901025408953,0.416402344209823
60,20,24,0.0178034702266542,3.18690035179616
60,20,48,0.00571823006361825,3.59494647401535
60,20,96,0.012881559375281,0.0163595851761729
